<?xml version="1.0" encoding="utf-8"?>
<resources>

    <string name="flow_main">PESdk</string>

    <string name="flow_export">导出</string>
    <string name="flow_none">无</string>
    <string name="flow_next">下一步</string>
    <string name="flow_mark">标记</string>
    <string name="flow_sure">确定</string>
    <string name="flow_apply_all">整个片段</string>
    <string name="flow_cycle">循环</string>

    <!--主页-->
    <string name="flow_creation">开始创作</string>
    <string name="flow_draft">草稿箱</string>
    <string name="flow_example">示例</string>
    <string name="flow_draft_cloud">云草稿</string>
    <string name="flow_draft_none">草稿为空</string>
    <string name="flow_draft_cloud_none">备份为空</string>
    <string name="flow_draft_upload_none">上传为空</string>
    <string name="flow_example_none">示例为空</string>
    <string name="flow_update_time">更新于 %s</string>
    <string name="flow_update_time_hour">更新于 约%1$d小时前</string>
    <string name="flow_update_time_seconds">更新于 %1$d分钟前</string>
    <string name="flow_update_time_now">更新于 刚刚</string>

    <!--弹出 菜单-->
    <string name="flow_menu_export">导出</string>
    <string name="flow_menu_edit">编辑</string>
    <string name="flow_menu_rename">重命名</string>
    <string name="flow_menu_delete">删除</string>
    <string name="flow_menu_down">下载</string>

    <!--主题-->
    <string name="flow_theme_system">跟随系统</string>
    <string name="flow_theme_day">白天</string>
    <string name="flow_theme_night">晚上</string>

    <!--语言-->
    <string name="flow_language_system">跟随系统</string>
    <string name="flow_language_zh">中文</string>
    <string name="flow_language_en">English</string>

    <!--重命名弹窗-->
    <string name="flow_draft_name">草稿箱名称</string>

    <!--继续编辑-->
    <string name="flow_continue_edit">继续编辑</string>
    <string name="flow_continue_edit_prompt">当前还有项目未编辑完成?</string>
    <string name="flow_give_on">继续</string>
    <string name="flow_give_up">放弃</string>

    <!--设置-->
    <string name="flow_clear_cache">清除缓存</string>
    <string name="flow_clear_success">清除成功</string>
    <string name="flow_theme">主题</string>
    <string name="flow_language">语言</string>
    <string name="flow_protocol">用户协议</string>
    <string name="flow_terms">隐私条款</string>
    <string name="flow_authority">权限</string>
    <string name="flow_version">版本</string>
    <string name="flow_about">关于</string>

    <!--备份草稿-->
    <string name="flow_upload_completed">上传完成</string>
    <string name="flow_upload_failed_prompt">存在失败,请点击重新上传</string>
    <string name="flow_backup">立刻备份</string>
    <string name="flow_backup_selected">选择需要备份的草稿</string>
    <string name="flow_backup_num">%1$d个草稿可备份</string>
    <string name="flow_upload_prompt_title">上传提示</string>
    <string name="flow_upload_prompt">已经存在云备份，是覆盖还是新建?</string>
    <string name="flow_upload_new">新建</string>
    <string name="flow_upload_cover">覆盖</string>
    <string name="flow_cloud_draft_delete_error">删除草稿失败</string>

    <string name="flow_author">作者</string>
    <string name="flow_size">大小</string>
    <string name="flow_update">更新</string>

    <!--撤销、还原-->
    <string name="flow_undo">撤销</string>
    <string name="flow_reduction">还原</string>
    <string name="flow_undo_revise">更新</string>
    <string name="flow_undo_increase">增加</string>
    <string name="flow_undo_delete">删除</string>
    <string name="flow_undo_replace">替换</string>
    <string name="flow_undo_adjust">调整</string>

    <string name="flow_undo_media">媒体</string>
    <string name="flow_undo_flow">流动</string>
    <string name="flow_undo_reset">重置</string>
    <string name="flow_history_record">历史记录</string>

    <!--菜单-->
    <string name="flow_menu_anim">动画</string>
    <string name="flow_menu_anim_in">入场</string>
    <string name="flow_menu_effect">特效</string>
    <string name="flow_menu_subtitle">文字</string>
    <string name="flow_menu_subtitle_template">字幕模板</string>
    <string name="flow_menu_pip">画中画</string>
    <string name="flow_menu_sticker">贴纸</string>
    <string name="flow_menu_mosaic">马赛克</string>
    <string name="flow_menu_toning">调色</string>
    <string name="flow_menu_sky">天空</string>
    <string name="flow_menu_audio">音频</string>
    <string name="flow_menu_filter">滤镜</string>

    <!--菜单 动画-->
    <string name="flow_menu_sports">运动</string>
    <string name="flow_menu_fixed">固定</string>
    <string name="flow_menu_erase">擦除</string>
    <string name="flow_menu_railing">锚点</string>
    <string name="flow_menu_speed">速度</string>
    <string name="flow_menu_freeze">冻结</string>
    <string name="flow_menu_thaw">解冻</string>
    <string name="flow_menu_cycle">循环</string>
    <string name="flow_empty">清空</string>
    <string name="flow_delete">删除</string>
    <string name="flow_scope">范围</string>

    <!--流动滤镜-->
    <string name="flow_menu_continuous">连续</string>
    <string name="flow_menu_bounce">弹跳</string>
    <string name="flow_menu_rewind">倒退播放</string>
    <string name="flow_menu_add">新增</string>
    <string name="flow_menu_move">移动</string>
    <string name="flow_menu_adjust">调整</string>
    <string name="flow_menu_start_anchor">添加锚点</string>
    <string name="flow_menu_end_anchor">结束锚点</string>

    <!--蒙版-->
    <string name="flow_invertr">反转</string>
    <string name="flow_color">颜色</string>
    <string name="flow_thickness">粗细</string>
    <string name="flow_eclosion">羽化</string>

    <!--字幕-->
    <string name="flow_subtitle_hint">请输入文字</string>
    <string name="flow_text">文本</string>
    <string name="flow_stroke">描边</string>
    <string name="flow_label">标签</string>
    <string name="flow_bold_italic">粗斜体</string>
    <string name="flow_spacing">排列</string>
    <string name="flow_alpha">透明度</string>
    <string name="flow_radius">半径</string>
    <string name="flow_distance">距离</string>
    <string name="flow_angle">角度</string>
    <string name="flow_bold">粗体</string>
    <string name="flow_italic">斜体</string>
    <string name="flow_underline"><u>下划线</u></string>
    <string name="flow_line_spacing">行距</string>
    <string name="flow_word_kerning">字距</string>
    <string name="flow_font_default">默认字体</string>
    <string name="flow_position">画布对齐</string>
    <string name="flow_nudge">轻移</string>

    <!-- 动画 -->
    <string name="flow_anim_in">入场</string>
    <string name="flow_anim_out">出场</string>
    <string name="flow_anim_repeat">循环</string>

    <!-- 音乐 -->
    <string name="flow_fade_in">淡入</string>
    <string name="flow_fade_out">淡出</string>
    <string name="flow_local">本地</string>

    <!--调色-->
    <string name="flow_brightness">亮度</string>
    <string name="flow_contrast">对比度</string>
    <string name="flow_saturation">饱和度</string>
    <string name="flow_sharpen">锐度</string>
    <string name="flow_temperature">色温</string>
    <string name="flow_tint">色调</string>
    <string name="flow_vignette">暗角</string>
    <string name="flow_hightlight">高光</string>
    <string name="flow_shadow">阴影</string>
    <string name="flow_graininess">颗粒</string>
    <string name="flow_light_sensation">光感</string>
    <string name="flow_fade">褪色</string>
    <string name="flow_light_effect">光效</string>
    <string name="flow_hue">色彩</string>
    <string name="flow_detail">细节</string>

    <!--马赛克-->
    <string name="flow_pixel_art">像素化</string>
    <string name="flow_blur">高斯模糊</string>
    <string name="flow_dewatermark">去水印</string>

    <!--裁剪界面-->
    <string name="flow_crop">裁剪</string>

    <!--导出-->
    <string name="flow_video">视频</string>
    <string name="flow_gif">Gif</string>
    <string name="flow_resolution">分辨率</string>
    <string name="flow_duration">时长</string>
    <string name="flow_cancel_export">取消导出</string>
    <string name="flow_cancel_export_prompt">视频尚未导出完成，是否取消？</string>
    <string name="flow_export_failed">导出失败&#8230;</string>
    <string name="flow_export_failed_no_free_space">导出失败,存储空间不足！</string>
    <string name="flow_export_music">导出Gif将放弃添加的音乐</string>
    <string name="flow_model_fail">模型加载失败</string>

    <!--错误-->
    <string name="flow_preview_error">暂时无法预览，请重试！</string>
    <string name="flow_format_error">暂不支持该格式</string>
    <string name="flow_unknown_error">未知错误</string>
    <string name="flow_not_support_cup_arch">当前功能暂不可用</string>
    <string name="flow_media_error">媒体错误</string>
    <string name="flow_not_download">未下载</string>
    <string name="flow_not_sky">未识别到天空</string>

</resources>